{"Train Loss ODE":0.006075151253689473,"Train AUC (PR) AD":0.5053144262200873,"Train Balanced Accuracy SEF":0.5008303325097556,"Train AUC (ROC) MCI":0.5110610757252232,"Train Loss LBD":0.29928117889277267,"Train AUC (PR) MCI":0.27703378517741695,"Train AUC (PR) PRD":0.0036287001612518234,"Train AUC (PR) ODE":0.003223265167691629,"Train AUC (ROC) TBI":0.4951564427869835,"Train Loss NPH":0.010838332750287472,"Train AUC (ROC) ODE":0.5492302167385174,"Train Balanced Accuracy MCI":0.5000402728996594,"Train AUC (PR) NC":0.33988674119506807,"Train AUC (ROC) FTD":0.5425439323893605,"Train AUC (PR) NPH":0.0044516217063325135,"Train Balanced Accuracy NC":0.4979378388310034,"Train Loss PRD":0.007079692115540585,"Train Loss PSY":0.8300382339759649,"Train Loss SEF":0.10520059485995784,"_wandb":{"runtime":74},"Train Loss VD":0.19981270447297075,"Train Loss MCI":0.6136023110508232,"Train Balanced Accuracy FTD":0.5165203632495474,"Train Loss TBI":0.059707503500860744,"Train AUC (ROC) AD":0.5343915542441302,"Train AUC (ROC) PSY":0.484651470342338,"Train AUC (PR) TBI":0.020914154647921547,"Train Loss FTD":0.06370118867218097,"_step":0,"Train Balanced Accuracy LBD":0.5103153954915578,"Train Balanced Accuracy PRD":0.5384484714800941,"Train Loss AD":0.33292201553853884,"Train AUC (ROC) NC":0.5249033848758893,"Train AUC (ROC) PRD":0.6054507596645686,"Train AUC (PR) PSY":0.19746144688673195,"Train AUC (PR) VD":0.07259454054541391,"Train AUC (ROC) SEF":0.49841626812355877,"Train Balanced Accuracy DE":0.5018518202662853,"Train AUC (ROC) VD":0.5098922721748367,"Train Loss DE":0.9232990096556686,"_runtime":74.087824257,"Train AUC (PR) SEF":0.05212627849505187,"Train AUC (ROC) NPH":0.4907958610989731,"Train Loss NC":0.5133863704265605,"Train AUC (PR) DE":0.46252305192395576,"Train AUC (ROC) LBD":0.5453591927811093,"Train AUC (ROC) DE":0.5369879860238385,"Train Balanced Accuracy AD":0.541822151631068,"Train AUC (PR) FTD":0.0364783539019915,"Train Balanced Accuracy NPH":0.49756595477386933,"_timestamp":1.739606790910363e+09,"Train AUC (PR) LBD":0.08511520115544281,"Train Balanced Accuracy VD":0.5009742386216177,"Train Balanced Accuracy ODE":0.5266582444484703,"Train Balanced Accuracy TBI":0.4901894481425695,"Train Balanced Accuracy PSY":0.500510741287737}